region_num,region_name,atc_code,atc_name,nhif_code,market_name,packaging,concentration,num_in_pack,icd_code,icd_name,patients_num,pack_num,costs,period,part,currency,costs_bgn,costs_eur
09,кърджали,c07ab12,nebivolol,cf898,nevolen,tablet,5 mg,30,i11.9,Хипертонично сърце без (застойна) сърдечна недостатъчност,53,57,331.1700000000001,2024-05-01,01,BGN,331.1700000000001,169.3245322957517
09,кърджали,c07ab12,nebivolol,cg132,cardiostad,tablet,5 mg,30,i10,Есенциална хипертония,4,4,23.24,2024-05-01,01,BGN,23.24,11.882423319000116
09,кърджали,c07ab12,nebivolol,cg132,cardiostad,tablet,5 mg,30,i11.0,Хипертонично сърце със (застойна) сърдечна недостатъчност,1,1,5.81,2024-05-01,01,BGN,5.81,2.970605829750029
09,кърджали,c07ab12,nebivolol,cg132,cardiostad,tablet,5 mg,30,i11.9,Хипертонично сърце без (застойна) сърдечна недостатъчност,12,13,75.53,2024-05-01,01,BGN,75.53,38.61787578675038
09,кърджали,c07ab12,nebivolol,cg134,bivolet,tablet,5 mg,30,i10,Есенциална хипертония,160,165,958.6499999999997,2024-05-01,01,BGN,958.6499999999997,490.14996190875473
09,кърджали,c07ab12,nebivolol,cg134,bivolet,tablet,5 mg,30,i11.0,Хипертонично сърце със (застойна) сърдечна недостатъчност,62,65,377.6500000000001,2024-05-01,01,BGN,377.6500000000001,193.08937893375196
09,кърджали,c07ab12,nebivolol,cg134,bivolet,tablet,5 mg,30,i11.9,Хипертонично сърце без (застойна) сърдечна недостатъчност,279,285,1655.8499999999997,2024-05-01,01,BGN,1655.8499999999997,846.6226614787582
09,кърджали,c07ab12,nebivolol,cg134,bivolet,tablet,5 mg,30,i50.0,Застойна сърдечна недостатъчност,4,5,29.049999999999997,2024-05-01,01,BGN,29.049999999999997,14.853029148750146
09,кърджали,c07ab12,nebivolol,cg407,bravylol,tablet,5 mg,30,i10,Есенциална хипертония,38,40,232.40000000000006,2024-05-01,01,BGN,232.40000000000006,118.82423319000121
09,кърджали,c07ab12,nebivolol,cg408,nebivolol actavis,tablet,5 mg,30,i10,Есенциална хипертония,18,19,110.39000000000003,2024-05-01,01,BGN,110.39000000000003,56.44151076525058
09,кърджали,c07ab12,nebivolol,cg409,nebilet,tablet,5 mg,28,i10,Есенциална хипертония,75,77,417.33999999999986,2024-05-01,01,BGN,417.33999999999986,213.38255369842975
09,кърджали,c07ab12,nebivolol,cg411,nebicard,tablet,5 mg,30,i10,Есенциална хипертония,38,38,220.78000000000006,2024-05-01,01,BGN,220.78000000000006,112.88302153050115
09,кърджали,c07ab12,nebivolol,cg412,nebivolol teva,tablet,5 mg,30,i10,Есенциална хипертония,4,4,23.24,2024-05-01,01,BGN,23.24,11.882423319000116
09,кърджали,c07ab12,nebivolol,cg414,nebilan,tablet,5 mg,30,i10,Есенциална хипертония,1,1,5.81,2024-05-01,01,BGN,5.81,2.970605829750029
09,кърджали,c07ab12,nebivolol,cg416,nevolen,tablet,5 mg,30,i10,Есенциална хипертония,13,13,75.53,2024-05-01,01,BGN,75.53,38.61787578675038
09,кърджали,c07ab12,nebivolol,cg418,cardiostad,tablet,5 mg,30,i10,Есенциална хипертония,3,3,17.43,2024-05-01,01,BGN,17.43,8.911817489250089
09,кърджали,c07ab12,nebivolol,cg419,bivolet,tablet,5 mg,30,i10,Есенциална хипертония,58,60,348.6000000000001,2024-05-01,01,BGN,348.6000000000001,178.2363497850018
09,кърджали,c07ab12,nebivolol,cg812,nebivocon,tablet,5 mg,30,i10,Есенциална хипертония,1,1,5.81,2024-05-01,01,BGN,5.81,2.970605829750029
09,кърджали,c07ab12,nebivolol,cg812,nebivocon,tablet,5 mg,30,i11.9,Хипертонично сърце без (застойна) сърдечна недостатъчност,1,1,5.81,2024-05-01,01,BGN,5.81,2.970605829750029
09,кърджали,c07ab12,nebivolol,cg813,nebivocon,tablet,5 mg,30,i10,Есенциална хипертония,1,1,5.81,2024-05-01,01,BGN,5.81,2.970605829750029
09,кърджали,c07ag02,carvedilol,cf282,coryol,tablet,6.25 mg,28,i10,Есенциална хипертония,1,2,1.84,2024-05-01,01,BGN,1.84,0.9407770614010421
09,кърджали,c07ag02,carvedilol,cf463,carvedil 6.25 mg,tablet,6.25 mg,28,i10,Есенциална хипертония,3,4,3.68,2024-05-01,01,BGN,3.68,1.8815541228020842
09,кърджали,c07ag02,carvedilol,cf463,carvedil 6.25 mg,tablet,6.25 mg,28,i11.0,Хипертонично сърце със (застойна) сърдечна недостатъчност,4,5,4.6000000000000005,2024-05-01,01,BGN,4.6000000000000005,2.3519426535026056
09,кърджали,c07ag02,carvedilol,cf463,carvedil 6.25 mg,tablet,6.25 mg,28,i11.9,Хипертонично сърце без (застойна) сърдечна недостатъчност,7,9,8.280000000000001,2024-05-01,01,BGN,8.280000000000001,4.23349677630469
09,кърджали,c07ag02,carvedilol,cf463,carvedil 6.25 mg,tablet,6.25 mg,28,i20.8,Други видове стенокардия,3,5,4.6000000000000005,2024-05-01,01,BGN,4.6000000000000005,2.3519426535026056
09,кърджали,c07ag02,carvedilol,cf464,carvedil 12.5 mg,tablet,12.5 mg,28,i10,Есенциална хипертония,1,1,1.83,2024-05-01,01,BGN,1.83,0.9356641425890799
09,кърджали,c07ag02,carvedilol,cf464,carvedil 12.5 mg,tablet,12.5 mg,28,i11.0,Хипертонично сърце със (застойна) сърдечна недостатъчност,1,1,1.83,2024-05-01,01,BGN,1.83,0.9356641425890799
09,кърджали,c07ag02,carvedilol,cf464,carvedil 12.5 mg,tablet,12.5 mg,28,i11.9,Хипертонично сърце без (застойна) сърдечна недостатъчност,5,6,10.98,2024-05-01,01,BGN,10.98,5.613984855534479
09,кърджали,c07ag02,carvedilol,cf465,carvedil 25 mg,tablet,25 mg,28,i10,Есенциална хипертония,5,5,18.35,2024-05-01,01,BGN,18.35,9.38220601995061
09,кърджали,c07ag02,carvedilol,cf465,carvedil 25 mg,tablet,25 mg,28,i11.0,Хипертонично сърце със (застойна) сърдечна недостатъчност,3,3,11.01,2024-05-01,01,BGN,11.01,5.629323611970365
09,кърджали,c07ag02,carvedilol,cf465,carvedil 25 mg,tablet,25 mg,28,i11.9,Хипертонично сърце без (застойна) сърдечна недостатъчност,11,13,47.71000000000001,2024-05-01,01,BGN,47.71000000000001,24.393735651871587
09,кърджали,c07ag02,carvedilol,cf465,carvedil 25 mg,tablet,25 mg,28,i20.8,Други видове стенокардия,5,5,18.35,2024-05-01,01,BGN,18.35,9.38220601995061
09,кърджали,c07ag02,carvedilol,cf465,carvedil 25 mg,tablet,25 mg,28,i25.5,Исхемична кардиомиопатия,1,1,3.67,2024-05-01,01,BGN,3.67,1.876441203990122
09,кърджали,c07ag02,carvedilol,cf465,carvedil 25 mg,tablet,25 mg,28,i50.1,Левокамерна недостатъчност,1,1,3.67,2024-05-01,01,BGN,3.67,1.876441203990122
09,кърджали,c07ag02,carvedilol,cf529,carvilex,tablet,12.5 mg,30,i10,Есенциална хипертония,6,10,19.7,2024-05-01,01,BGN,19.7,10.072450059565504
09,кърджали,c07ag02,carvedilol,cf529,carvilex,tablet,12.5 mg,30,i11.0,Хипертонично сърце със (застойна) сърдечна недостатъчност,2,3,5.91,2024-05-01,01,BGN,5.91,3.0217350178696516
09,кърджали,c07ag02,carvedilol,cf529,carvilex,tablet,12.5 mg,30,i11.9,Хипертонично сърце без (застойна) сърдечна недостатъчност,8,13,25.610000000000003,2024-05-01,01,BGN,25.610000000000003,13.094185077435156
09,кърджали,c07ag02,carvedilol,cf529,carvilex,tablet,12.5 mg,30,i50.0,Застойна сърдечна недостатъчност,1,2,3.94,2024-05-01,01,BGN,3.94,2.014490011913101
09,кърджали,c07ag02,carvedilol,cf531,carvilex,tablet,25 mg,30,i10,Есенциална хипертония,2,2,7.86,2024-05-01,01,BGN,7.86,4.018754186202278
09,кърджали,c07ag02,carvedilol,cf531,carvilex,tablet,25 mg,30,i11.9,Хипертонично сърце без (застойна) сърдечна недостатъчност,4,7,27.51,2024-05-01,01,BGN,27.51,14.065639651707972
09,кърджали,c07ag02,carvedilol,cf536,carvilex,tablet,6.25 mg,30,i10,Есенциална хипертония,2,2,1.96,2024-05-01,01,BGN,1.96,1.0021320871445882
09,кърджали,c07ag02,carvedilol,cf536,carvilex,tablet,6.25 mg,30,i11.0,Хипертонично сърце със (застойна) сърдечна недостатъчност,4,9,8.82,2024-05-01,01,BGN,8.82,4.509594392150647
09,кърджали,c07ag02,carvedilol,cf536,carvilex,tablet,6.25 mg,30,i11.9,Хипертонично сърце без (застойна) сърдечна недостатъчност,11,16,15.680000000000003,2024-05-01,01,BGN,15.680000000000003,8.017056697156708
09,кърджали,c07ag02,carvedilol,cf629,"avernol 6,25 mg",tablet,6.25 mg,30,i10,Есенциална хипертония,1,1,0.98,2024-05-01,01,BGN,0.98,0.5010660435722941
09,кърджали,c07ag02,carvedilol,cf629,"avernol 6,25 mg",tablet,6.25 mg,30,i11.9,Хипертонично сърце без (застойна) сърдечна недостатъчност,3,3,2.94,2024-05-01,01,BGN,2.94,1.5031981307168822
09,кърджали,c07ag02,carvedilol,cf630,avernol 25 mg,tablet,25 mg,30,i10,Есенциална хипертония,2,2,7.86,2024-05-01,01,BGN,7.86,4.018754186202278
09,кърджали,c07ag02,carvedilol,cf630,avernol 25 mg,tablet,25 mg,30,i11.9,Хипертонично сърце без (застойна) сърдечна недостатъчност,1,1,3.93,2024-05-01,01,BGN,3.93,2.009377093101139
09,кърджали,c07ag02,carvedilol,cf635,"carvedigamma 12,5 mg film tabletten",film-coated tablet,12.5 mg,30,i10,Есенциална хипертония,1,2,3.94,2024-05-01,01,BGN,3.94,2.014490011913101
09,кърджали,c07ag02,carvedilol,cf635,"carvedigamma 12,5 mg film tabletten",film-coated tablet,12.5 mg,30,i11.0,Хипертонично сърце със (застойна) сърдечна недостатъчност,3,6,11.82,2024-05-01,01,BGN,11.82,6.043470035739303
09,кърджали,c07ag02,carvedilol,cg168,carvedigamma,film-coated tablet,25 mg,30,i10,Есенциална хипертония,1,2,7.86,2024-05-01,01,BGN,7.86,4.018754186202278
09,кърджали,c07ag02,carvedilol,cg168,carvedigamma,film-coated tablet,25 mg,30,i11.9,Хипертонично сърце без (застойна) сърдечна недостатъчност,1,2,7.86,2024-05-01,01,BGN,7.86,4.018754186202278
09,кърджали,c07ag02,carvedilol,cg219,dilatrend,tablet,25 mg,28,i10,Есенциална хипертония,2,2,7.34,2024-05-01,01,BGN,7.34,3.752882407980244
09,кърджали,c07ag02,carvedilol,cg219,dilatrend,tablet,25 mg,28,i11.0,Хипертонично сърце със (застойна) сърдечна недостатъчност,10,11,40.370000000000005,2024-05-01,01,BGN,40.370000000000005,20.640853243891343
09,кърджали,c07ag02,carvedilol,cg219,dilatrend,tablet,25 mg,28,i11.9,Хипертонично сърце без (застойна) сърдечна недостатъчност,6,6,22.020000000000003,2024-05-01,01,BGN,22.020000000000003,11.258647223940732
09,кърджали,c07ag02,carvedilol,cg219,dilatrend,tablet,25 mg,28,i20.8,Други видове стенокардия,2,2,7.34,2024-05-01,01,BGN,7.34,3.752882407980244
09,кърджали,c07ag02,carvedilol,cg219,dilatrend,tablet,25 mg,28,i50.0,Застойна сърдечна недостатъчност,1,2,7.34,2024-05-01,01,BGN,7.34,3.752882407980244
09,кърджали,c07ag02,carvedilol,cg220,dilatrend,tablet,12.5 mg,28,i10,Есенциална хипертония,3,4,7.32,2024-05-01,01,BGN,7.32,3.7426565703563197
09,кърджали,c07ag02,carvedilol,cg220,dilatrend,tablet,12.5 mg,28,i11.0,Хипертонично сърце със (застойна) сърдечна недостатъчност,16,29,53.06999999999999,2024-05-01,01,BGN,53.06999999999999,27.134260135083313
09,кърджали,c07ag02,carvedilol,cg220,dilatrend,tablet,12.5 mg,28,i11.9,Хипертонично сърце без (застойна) сърдечна недостатъчност,9,13,23.79,2024-05-01,01,BGN,23.79,12.163633853658038
09,кърджали,c07ag02,carvedilol,cg220,dilatrend,tablet,12.5 mg,28,i20.8,Други видове стенокардия,2,4,7.32,2024-05-01,01,BGN,7.32,3.7426565703563197
09,кърджали,c07ag02,carvedilol,cg220,dilatrend,tablet,12.5 mg,28,i50.0,Застойна сърдечна недостатъчност,7,9,16.47,2024-05-01,01,BGN,16.47,8.420977283301719
09,кърджали,c07ag02,carvedilol,cg221,dilatrend,tablet,6.25 mg,28,i10,Есенциална хипертония,8,13,11.96,2024-05-01,01,BGN,11.96,6.115050899106774
09,кърджали,c07ag02,carvedilol,cg221,dilatrend,tablet,6.25 mg,28,i11.0,Хипертонично сърце със (застойна) сърдечна недостатъчност,26,37,34.040000000000006,2024-05-01,01,BGN,34.040000000000006,17.40437563591928
09,кърджали,c07ag02,carvedilol,cg221,dilatrend,tablet,6.25 mg,28,i11.9,Хипертонично сърце без (застойна) сърдечна недостатъчност,20,30,27.600000000000005,2024-05-01,01,BGN,27.600000000000005,14.111655921015632
09,кърджали,c07ag02,carvedilol,cg221,dilatrend,tablet,6.25 mg,28,i20.8,Други видове стенокардия,4,5,4.6000000000000005,2024-05-01,01,BGN,4.6000000000000005,2.3519426535026056
09,кърджали,c07ag02,carvedilol,cg221,dilatrend,tablet,6.25 mg,28,i50.0,Застойна сърдечна недостатъчност,6,10,9.200000000000001,2024-05-01,01,BGN,9.200000000000001,4.703885307005211
09,кърджали,c07ag02,carvedilol,cg423,avernol 25 mg,tablet,25 mg,30,i10,Есенциална хипертония,1,1,3.93,2024-05-01,01,BGN,3.93,2.009377093101139
09,кърджали,c07ag02,carvedilol,cg432,carvilex,tablet,6.25 mg,30,i10,Есенциална хипертония,1,2,1.96,2024-05-01,01,BGN,1.96,1.0021320871445882
09,кърджали,c07ag02,carvedilol,cg434,carvilex,tablet,12.5 mg,30,i10,Есенциална хипертония,2,5,9.85,2024-05-01,01,BGN,9.85,5.036225029782752
09,кърджали,c07ag02,carvedilol,cg457,"carvedil 6,25 mg",tablet,6.25 mg,28,i10,Есенциална хипертония,1,2,1.84,2024-05-01,01,BGN,1.84,0.9407770614010421
09,кърджали,c07ag02,carvedilol,cg459,carvedil 25 mg,tablet,25 mg,28,i10,Есенциална хипертония,2,3,11.01,2024-05-01,01,BGN,11.01,5.629323611970365
09,кърджали,c07ag02,carvedilol,cg460,carvedigamma,film-coated tablet,25 mg,30,i10,Есенциална хипертония,1,1,3.93,2024-05-01,01,BGN,3.93,2.009377093101139
09,кърджали,c07ag02,carvedilol,cg461,dilatrend,tablet,25 mg,28,i10,Есенциална хипертония,3,4,14.68,2024-05-01,01,BGN,14.68,7.505764815960488
09,кърджали,c07ag02,carvedilol,cg463,dilatrend,tablet,6.25 mg,28,i10,Есенциална хипертония,3,4,3.68,2024-05-01,01,BGN,3.68,1.8815541228020842
09,кърджали,c07ag02,carvedilol,cg844,"carvedilol sopharma 12,5",tablet,"12,5 mg",30,i10,Есенциална хипертония,2,3,5.91,2024-05-01,01,BGN,5.91,3.0217350178696516
09,кърджали,c07ag02,carvedilol,cg844,"carvedilol sopharma 12,5",tablet,"12,5 mg",30,i11.9,Хипертонично сърце без (застойна) сърдечна недостатъчност,1,2,3.94,2024-05-01,01,BGN,3.94,2.014490011913101
09,кърджали,c07ag02,carvedilol,cg845,carvedilol sopharma 25,tablet,25 mg,30,i10,Есенциална хипертония,1,1,3.93,2024-05-01,01,BGN,3.93,2.009377093101139
09,кърджали,c07ag02,carvedilol,cg845,carvedilol sopharma 25,tablet,25 mg,30,i11.0,Хипертонично сърце със (застойна) сърдечна недостатъчност,3,3,11.790000000000001,2024-05-01,01,BGN,11.790000000000001,6.028131279303417
09,кърджали,c07ag02,carvedilol,cg845,carvedilol sopharma 25,tablet,25 mg,30,i11.9,Хипертонично сърце без (застойна) сърдечна недостатъчност,2,2,7.86,2024-05-01,01,BGN,7.86,4.018754186202278
09,кърджали,c07ag02,carvedilol,cg846,"carvedilol sopharma 6,25",tablet,6.25 mg,30,i11.0,Хипертонично сърце със (застойна) сърдечна недостатъчност,2,3,2.94,2024-05-01,01,BGN,2.94,1.5031981307168822
09,кърджали,c07ag02,carvedilol,cg849,"carvedilol sopharma 6,25",tablet,6.25 mg,30,i10,Есенциална хипертония,1,1,0.98,2024-05-01,01,BGN,0.98,0.5010660435722941
09,кърджали,c07bb,nebivolol hydrochloride/hydrochlorothiazide,cf839,nebilet plus,film-coated tablet,5 mg/12.5 mg,28,i10,Есенциална хипертония,212,222,974.58,2024-05-01,01,BGN,974.58,498.2948415762106
09,кърджали,c07bb,nebivolol hydrochloride/hydrochlorothiazide,cf839,nebilet plus,film-coated tablet,5 mg/12.5 mg,28,i11.0,Хипертонично сърце със (застойна) сърдечна недостатъчност,19,19,83.41,2024-05-01,01,BGN,83.41,42.64685581057658
09,кърджали,c07bb,nebivolol hydrochloride/hydrochlorothiazide,cf839,nebilet plus,film-coated tablet,5 mg/12.5 mg,28,i11.9,Хипертонично сърце без (застойна) сърдечна недостатъчност,120,121,531.1899999999999,2024-05-01,01,BGN,531.1899999999999,271.59313437261926
09,кърджали,c07bb,nebivolol hydrochloride/hydrochlorothiazide,cg769,nevotens plus,film-coated tablet,5 mg/12.5 mg,30,i10,Есенциална хипертония,4,4,18.8,2024-05-01,01,BGN,18.8,9.612287366488909
09,кърджали,c07bb,nebivolol hydrochloride/hydrochlorothiazide,cg769,nevotens plus,film-coated tablet,5 mg/12.5 mg,30,i11.9,Хипертонично сърце без (застойна) сърдечна недостатъчност,5,5,23.5,2024-05-01,01,BGN,23.5,12.015359208111134
09,кърджали,c07bb,nebivolol hydrochloride/hydrochlorothiazide,cg788,cardiostad plus,film-coated tablet,5 mg/12.5 mg,30,i10,Есенциална хипертония,8,8,37.6,2024-05-01,01,BGN,37.6,19.224574732977818
09,кърджали,c07bb,nebivolol hydrochloride/hydrochlorothiazide,cg788,cardiostad plus,film-coated tablet,5 mg/12.5 mg,30,i11.0,Хипертонично сърце със (застойна) сърдечна недостатъчност,3,3,14.100000000000001,2024-05-01,01,BGN,14.100000000000001,7.209215524866681
09,кърджали,c07bb,nebivolol hydrochloride/hydrochlorothiazide,cg788,cardiostad plus,film-coated tablet,5 mg/12.5 mg,30,i11.9,Хипертонично сърце без (застойна) сърдечна недостатъчност,17,17,79.90000000000002,2024-05-01,01,BGN,79.90000000000002,40.85222130757787
09,кърджали,c07bb07,bisoprolol; hydrochlorthiazide,cf537,"lodoz 5/6,25",film-coated tablet,5/6.25 mg,30,i10,Есенциална хипертония,14,15,16.8,2024-05-01,01,BGN,16.8,8.58970360409647
09,кърджали,c07bb07,bisoprolol; hydrochlorthiazide,cf537,"lodoz 5/6,25",film-coated tablet,5/6.25 mg,30,i11.9,Хипертонично сърце без (застойна) сърдечна недостатъчност,9,9,10.080000000000002,2024-05-01,01,BGN,10.080000000000002,5.1538221624578835
09,кърджали,c07bb07,bisoprolol; hydrochlorthiazide,cf538,"lodoz 10/6,25",film-coated tablet,10/6.25 mg,30,i11.9,Хипертонично сърце без (застойна) сърдечна недостатъчност,1,1,1.62,2024-05-01,01,BGN,1.62,0.828292847537874
09,кърджали,c07bb07,bisoprolol; hydrochlorthiazide,cf539,"lodoz 2,5/6,25",film-coated tablet,2.5/6.25 mg,30,i11.9,Хипертонично сърце без (застойна) сърдечна недостатъчност,2,2,1.74,2024-05-01,01,BGN,1.74,0.8896478732814201
09,кърджали,c07bb07,bisoprolol; hydrochlorthiazide,cf636,bisoplus al,film-coated tablet,"5/12,5 mg",30,i11.9,Хипертонично сърце без (застойна) сърдечна недостатъчност,1,1,1.75,2024-05-01,01,BGN,1.75,0.8947607920933823
09,кърджали,c07fb07,bisoprolol/amlodipine,ca080,alotendin,tablet,5 mg/5 mg,30,i10,Есенциална хипертония,2,2,1.8,2024-05-01,01,BGN,1.8,0.9203253861531934
09,кърджали,c07fb07,bisoprolol/amlodipine,ca080,alotendin,tablet,5 mg/5 mg,30,i11.9,Хипертонично сърце без (застойна) сърдечна недостатъчност,1,1,0.9,2024-05-01,01,BGN,0.9,0.4601626930765967
09,кърджали,c08ca01,amlodipine,cf466,norvasc,tablet,5 mg,30,i10,Есенциална хипертония,99,114,77.52,2024-05-01,01,BGN,77.52,39.63534663033086
09,кърджали,c08ca01,amlodipine,cf466,norvasc,tablet,5 mg,30,i11.0,Хипертонично сърце със (застойна) сърдечна недостатъчност,39,48,32.63999999999999,2024-05-01,01,BGN,32.63999999999999,16.688567002244568
09,кърджали,c08ca01,amlodipine,cf466,norvasc,tablet,5 mg,30,i11.9,Хипертонично сърце без (застойна) сърдечна недостатъчност,188,224,152.32000000000002,2024-05-01,01,BGN,152.32000000000002,77.87997934380802
09,кърджали,c08ca01,amlodipine,cf466,norvasc,tablet,5 mg,30,i20.8,Други видове стенокардия,16,20,13.599999999999998,2024-05-01,01,BGN,13.599999999999998,6.95356958426857
09,кърджали,c08ca01,amlodipine,cf467,norvasc,tablet,10 mg,30,i10,Есенциална хипертония,22,25,33.99999999999999,2024-05-01,01,BGN,33.99999999999999,17.383923960671424
09,кърджали,c08ca01,amlodipine,cf467,norvasc,tablet,10 mg,30,i11.0,Хипертонично сърце със (застойна) сърдечна недостатъчност,8,10,13.600000000000001,2024-05-01,01,BGN,13.600000000000001,6.953569584268572
09,кърджали,c08ca01,amlodipine,cf467,norvasc,tablet,10 mg,30,i11.9,Хипертонично сърце без (застойна) сърдечна недостатъчност,26,26,35.35999999999999,2024-05-01,01,BGN,35.35999999999999,18.07928091909828
09,кърджали,c08ca01,amlodipine,cf467,norvasc,tablet,10 mg,30,i20.8,Други видове стенокардия,1,1,1.36,2024-05-01,01,BGN,1.36,0.6953569584268572
09,кърджали,c08ca01,amlodipine,cf637,agen,tablet,5 mg,30,i10,Есенциална хипертония,3,6,4.08,2024-05-01,01,BGN,4.08,2.0860708752805714
09,кърджали,c08ca01,amlodipine,cf637,agen,tablet,5 mg,30,i11.9,Хипертонично сърце без (застойна) сърдечна недостатъчност,3,5,3.4000000000000004,2024-05-01,01,BGN,3.4000000000000004,1.738392396067143
09,кърджали,c08ca01,amlodipine,cf639,amlovask,tablet,5 mg,30,i10,Есенциална хипертония,104,115,78.20000000000002,2024-05-01,01,BGN,78.20000000000002,39.98302510954429
09,кърджали,c08ca01,amlodipine,cf639,amlovask,tablet,5 mg,30,i11.0,Хипертонично сърце със (застойна) сърдечна недостатъчност,17,20,13.599999999999998,2024-05-01,01,BGN,13.599999999999998,6.95356958426857
09,кърджали,c08ca01,amlodipine,cf639,amlovask,tablet,5 mg,30,i11.9,Хипертонично сърце без (застойна) сърдечна недостатъчност,120,143,97.24000000000001,2024-05-01,01,BGN,97.24000000000001,49.71802252752029
09,кърджали,c08ca01,amlodipine,cf639,amlovask,tablet,5 mg,30,i20.8,Други видове стенокардия,10,12,8.159999999999998,2024-05-01,01,BGN,8.159999999999998,4.172141750561142
09,кърджали,c08ca01,amlodipine,cf640,amlodipin alkaloid,tablet,5 mg,30,i10,Есенциална хипертония,31,33,22.439999999999994,2024-05-01,01,BGN,22.439999999999994,11.47338981404314
09,кърджали,c08ca01,amlodipine,cf640,amlodipin alkaloid,tablet,5 mg,30,i11.0,Хипертонично сърце със (застойна) сърдечна недостатъчност,5,6,4.08,2024-05-01,01,BGN,4.08,2.0860708752805714
09,кърджали,c08ca01,amlodipine,cf640,amlodipin alkaloid,tablet,5 mg,30,i11.9,Хипертонично сърце без (застойна) сърдечна недостатъчност,36,36,24.479999999999993,2024-05-01,01,BGN,24.479999999999993,12.516425251683426
09,кърджали,c08ca01,amlodipine,cf640,amlodipin alkaloid,tablet,5 mg,30,i20.8,Други видове стенокардия,2,3,2.04,2024-05-01,01,BGN,2.04,1.0430354376402857
09,кърджали,c08ca01,amlodipine,cf645,amlodipin alkaloid,tablet,10 mg,30,i10,Есенциална хипертония,22,22,29.919999999999995,2024-05-01,01,BGN,29.919999999999995,15.297853085390855
09,кърджали,c08ca01,amlodipine,cf645,amlodipin alkaloid,tablet,10 mg,30,i11.0,Хипертонично сърце със (застойна) сърдечна недостатъчност,1,1,1.36,2024-05-01,01,BGN,1.36,0.6953569584268572
09,кърджали,c08ca01,amlodipine,cf645,amlodipin alkaloid,tablet,10 mg,30,i11.9,Хипертонично сърце без (застойна) сърдечна недостатъчност,16,17,23.12,2024-05-01,01,BGN,23.12,11.821068293256571
09,кърджали,c08ca01,amlodipine,cf646,amlodipine biopharm,tablet,5 mg,30,i10,Есенциална хипертония,1,1,0.68,2024-05-01,01,BGN,0.68,0.3476784792134286
09,кърджали,c08ca01,amlodipine,cf646,amlodipine biopharm,tablet,5 mg,30,i11.9,Хипертонично сърце без (застойна) сърдечна недостатъчност,6,7,4.76,2024-05-01,01,BGN,4.76,2.433749354494
09,кърджали,c08ca01,amlodipine,cf646,amlodipine biopharm,tablet,5 mg,30,i20.8,Други видове стенокардия,1,1,0.68,2024-05-01,01,BGN,0.68,0.3476784792134286
09,кърджали,c08ca01,amlodipine,cf647,amlodipine biopharm,tablet,10 mg,30,i10,Есенциална хипертония,1,1,1.36,2024-05-01,01,BGN,1.36,0.6953569584268572
09,кърджали,c08ca01,amlodipine,cf647,amlodipine biopharm,tablet,10 mg,30,i11.9,Хипертонично сърце без (застойна) сърдечна недостатъчност,1,1,1.36,2024-05-01,01,BGN,1.36,0.6953569584268572
09,кърджали,c08ca01,amlodipine,cf648,neodipin bes-t,tablet,5 mg,30,i10,Есенциална хипертония,77,91,61.87999999999998,2024-05-01,01,BGN,61.87999999999998,31.63874160842199
09,кърджали,c08ca01,amlodipine,cf648,neodipin bes-t,tablet,5 mg,30,i11.0,Хипертонично сърце със (застойна) сърдечна недостатъчност,15,19,12.92,2024-05-01,01,BGN,12.92,6.605891105055143
09,кърджали,c08ca01,amlodipine,cf648,neodipin bes-t,tablet,5 mg,30,i11.9,Хипертонично сърце без (застойна) сърдечна недостатъчност,123,144,97.92000000000002,2024-05-01,01,BGN,97.92000000000002,50.065701006733725
09,кърджали,c08ca01,amlodipine,cf648,neodipin bes-t,tablet,5 mg,30,i20.8,Други видове стенокардия,1,1,0.68,2024-05-01,01,BGN,0.68,0.3476784792134286
09,кърджали,c08ca01,amlodipine,cf649,neodipin bes-t,tablet,10 mg,30,i10,Есенциална хипертония,43,44,59.83999999999998,2024-05-01,01,BGN,59.83999999999998,30.595706170781707
09,кърджали,c08ca01,amlodipine,cf649,neodipin bes-t,tablet,10 mg,30,i11.0,Хипертонично сърце със (застойна) сърдечна недостатъчност,29,29,39.43999999999999,2024-05-01,01,BGN,39.43999999999999,20.165351794378854
