id,source,target,relation,ontouml_treatment,status,evidence,review_note
C01,EvidenceSupport,SourceRecord,evidenceRecord,mediation,documented_missing_from_overview,W5 20-xinfra.ttl; W4 integrated-ontouml-model section 6,Show the existing record-to-assertion evidence bridge; support does not establish truth
C02,ContextClass,Product,contextClassificationProduct,mediation,documented_missing_from_overview,W5 30-extensions.ttl; W4 relator-material-patterns R7,Show the existing context-specific product assignment
C03,ObservationResult,Product,observationResultAbout,formal/aboutness,candidate_requires_review,W3 V2R-044 and V2R-045; W4 integrated-ontouml-model section 5,Type the relevant result subfamilies and preserve observed phenomenon versus result distinction
C04,Assertion,Product,assertionAboutEntity,formal/aboutness,candidate_requires_review,W3 V2R-060; W4 evidence traceability,Product is an example target; full admissible target union and assertion semantics need author review
C05,IdAssignment,Product,identifierEntity,mediation,candidate_requires_review,W3 V2R-066; W5 identifierEntity has no range,Product is one possible identified entity; do not assert universal product-only range
C06,RiskAssessment,SupplyDependency,riskAssessmentConcerns,participation/aboutness,candidate_requires_review,W4 risk-resilience-extension example; W3 V2R-073,Specify actual assessment target and evidence; not a prediction claim
C07,AEReporting,Product,reportConcernsProduct,participation/aboutness,candidate_requires_review,W3 V2R-075; optional S3 safety extension,Conditional on safety source; reporting activity is not the adverse event case
C08,Disruption,SupplyDependency,disruptionAffects,participation/impact,candidate_requires_review,W3 V2R-030; W4 risk-resilience-extension,Keep impact distinct from an inferred causal effect
C09,ProcurementActivity,Organization,procurementParty,participation,candidate_requires_review,W3 V2R-032; conditional C1 source,Buyer/provider roles and additional product/site participants need separate decisions
C10,Stockout,Presentation,stockoutConcernsPresentation,situation involvement,candidate_requires_review,W3 V2R-035; W4 event-to-situation decision,Confirm product granularity and site/time context; do not equate stockout with shortage
C11,DiagnosisReference,ReimbursementResult,diagnosisContext,formal reference,candidate_requires_review,W3 V2R-071; NHIF P1/P2 schemas,Confirm diagnosis classification granularity and aggregate observation scope
C12,DigitalComponent,ObservationActivity,supportsObservation,participation/support,candidate_requires_review,W3 V2R-079; V1 lineage,Only if the component has a demonstrated role in the admitted use cases
C13,ServiceSpec,Organization,serviceOfferingBy,formal/context,defer_pending_evidence,W1/V1 business-architecture lineage,No source-backed offerer/service specification commitment established for current article
C14,ClinicalParticipant,Organization,clinicalParticipantContext,undetermined,defer_pending_evidence,W3 V2R-080; W7 H1 extension pressure,Do not attach clinical roles to Organization merely for graph connectivity; require bearer and care activity pattern
C15,ProvActivity,Assertion,generatedAssertion,participation/generation,documented_missing_from_overview,W5 20-xinfra.ttl; W4 integrated-ontouml-model section 6,Show existing provenance activity generating an assertion
